run_name,points_per_class,focal_gamma,best_val_miou,test_miou,iou_impervious,iou_building,iou_low_vegetation,iou_tree,iou_car,iou_clutter,epochs_trained,batch_size,timestamp
baseline_p10_g2,10,2.0,0.573272,0.574467,0.774559,0.798864,0.576384,0.542511,0.650058,0.104425,50,64,2026-06-22T00:01:29.051859
exp1_p1_g2,1,2.0,0.539952,0.542182,0.730971,0.73721,0.530494,0.553442,0.615424,0.085551,50,64,2026-06-22T00:01:41.847179
exp1_p5_g2,5,2.0,0.562161,0.563847,0.759027,0.76442,0.567728,0.5381,0.642342,0.111466,50,64,2026-06-22T00:01:54.603834
exp1_p10_g2,10,2.0,0.568315,0.574105,0.762398,0.79973,0.541728,0.571344,0.667045,0.102385,50,64,2026-06-22T00:02:07.337848
exp1_p20_g2,20,2.0,0.577847,0.572222,0.769037,0.795843,0.588833,0.543653,0.645264,0.090701,50,64,2026-06-22T00:02:20.102663
exp1_p50_g2,50,2.0,0.581406,0.600522,0.792161,0.814484,0.604721,0.580566,0.666221,0.144981,50,64,2026-06-22T00:02:32.846353
exp2_p10_g0,10,0.0,0.578278,0.573791,0.760789,0.776269,0.561828,0.543313,0.677257,0.123292,50,64,2026-06-22T00:02:45.543951
exp2_p10_g05,10,0.5,0.568796,0.584947,0.778049,0.79387,0.582132,0.569945,0.678476,0.107212,50,64,2026-06-22T00:02:58.267317
exp2_p10_g1,10,1.0,0.579398,0.58498,0.782234,0.811121,0.567693,0.569871,0.663621,0.115337,50,64,2026-06-22T00:03:10.943091
exp2_p10_g2,10,2.0,0.567841,0.579744,0.776354,0.788568,0.570411,0.554652,0.661321,0.12716,50,64,2026-06-22T00:03:23.722377
exp3_slic_p10_g2,10,2.0,0.598363,0.611523,0.785329,0.796383,0.600776,0.584269,0.7348,0.167581,50,64,2026-06-22T21:59:59.429553
exp4_boundary_p10_g2,10,2.0,0.558767,0.579166,0.772938,0.78003,0.575667,0.543847,0.661964,0.140547,50,64,2026-06-22T22:47:16.410546
exp4_interior_p10_g2,10,2.0,0.561229,0.563644,0.766298,0.761481,0.56062,0.561333,0.612776,0.119354,50,64,2026-06-22T23:06:46.066182
