epoch,train_loss,val_miou
1,0.989997,0.332808
2,0.586493,0.43226
3,0.441684,0.456734
4,0.364562,0.49301
5,0.317511,0.495615
6,0.283643,0.499674
7,0.252189,0.506296
8,0.233818,0.506063
9,0.215461,0.515381
10,0.189956,0.514478
11,0.175663,0.520144
12,0.17117,0.505299
13,0.159669,0.518054
14,0.14924,0.523461
15,0.141647,0.527399
16,0.128615,0.531631
17,0.122815,0.529212
18,0.11773,0.5362
19,0.115413,0.498259
20,0.110335,0.517997
21,0.099101,0.532974
22,0.098047,0.522137
23,0.093535,0.518407
24,0.086087,0.541411
25,0.08588,0.519284
26,0.083934,0.540949
27,0.078613,0.526468
28,0.074859,0.508529
29,0.071252,0.535087
30,0.06914,0.527067
31,0.07386,0.52729
32,0.073855,0.526405
33,0.068136,0.529599
34,0.06194,0.526773
35,0.05803,0.528276
36,0.05711,0.529432
37,0.05457,0.523987
38,0.056118,0.532863
39,0.051007,0.544565
40,0.050958,0.531876
41,0.04972,0.54178
42,0.048243,0.535765
43,0.049963,0.530674
44,0.045716,0.536
45,0.042372,0.523708
46,0.042056,0.53126
47,0.043594,0.531544
48,0.040904,0.53198
49,0.039779,0.530307
50,0.041647,0.530774
