run_name,points_per_class,focal_gamma,best_val_miou,test_miou,iou_impervious,iou_building,iou_low_vegetation,iou_tree,iou_car,iou_clutter,epochs_trained,batch_size,seed,point_seed,fixed_points,sampling,timestamp
ref_s0,10,2.0,0.546786,0.560337,0.757053,0.745265,0.565028,0.528824,0.646436,0.119413,50,64,0,0,True,uniform,2026-09-29T14:45:33.402758
ref_s1,10,2.0,0.544565,0.55913,0.762546,0.756303,0.544983,0.554547,0.646433,0.089965,50,64,1,0,True,uniform,2026-09-29T15:03:26.750585
ref_s2,10,2.0,0.543881,0.543995,0.741776,0.724945,0.547382,0.536768,0.623654,0.089444,50,64,2,0,True,uniform,2026-09-29T15:21:41.081720
p1_g2_s0,1,2.0,0.470194,0.491242,0.676773,0.643513,0.480316,0.488848,0.570615,0.087391,50,64,0,0,True,uniform,2026-09-29T15:39:35.521706
p5_g2_s0,5,2.0,0.535843,0.550954,0.749853,0.734623,0.53511,0.533502,0.629389,0.123247,50,64,0,0,True,uniform,2026-09-29T15:57:31.742534
p20_g2_s0,20,2.0,0.570376,0.56942,0.753895,0.767432,0.574112,0.558471,0.637349,0.125261,50,64,0,0,True,uniform,2026-09-29T16:15:38.673066
p50_g2_s0,50,2.0,0.573293,0.571943,0.745435,0.743566,0.572339,0.561375,0.682205,0.126738,50,64,0,0,True,uniform,2026-09-29T16:33:49.658411
g0_s0,10,0.0,0.555371,0.560986,0.752654,0.752533,0.553519,0.559444,0.625811,0.121953,50,64,0,0,True,uniform,2026-09-29T16:51:57.542140
g05_s0,10,0.5,0.540323,0.56447,0.7786,0.759176,0.556036,0.536568,0.633441,0.122998,50,64,0,0,True,uniform,2026-09-29T17:09:51.886652
g1_s0,10,1.0,0.549528,0.556371,0.759286,0.766568,0.543196,0.535158,0.635341,0.098677,50,64,0,0,True,uniform,2026-09-29T17:28:01.571472
slic_s0,10,2.0,0.590108,0.603144,0.792012,0.789969,0.595999,0.576353,0.706812,0.157722,50,64,0,0,True,uniform,2026-09-29T18:00:40.238007
interior_s0,10,2.0,0.535144,0.531956,0.717073,0.722632,0.533272,0.526306,0.591058,0.101392,50,64,0,0,True,interior,2026-09-29T18:19:43.508538
boundary_s0,10,2.0,0.53724,0.553368,0.747218,0.755174,0.53463,0.518756,0.653252,0.11118,50,64,0,0,True,boundary,2026-09-29T18:38:34.664728
